,Date Time,Apple_Price,Apple_Vol.
1242,2019-02-04,42.81,125980000.0
1241,2019-02-05,43.55,144410000.0
1240,2019-02-06,43.56,112960000.0
1239,2019-02-07,42.73,126970000.0
1238,2019-02-08,42.6,95280000.0
1237,2019-02-11,42.36,83970000.0
1236,2019-02-12,42.72,89130000.0
1235,2019-02-13,42.55,89960000.0
1234,2019-02-14,42.7,87340000.0
1233,2019-02-15,42.6,98510000.0
1232,2019-02-19,42.73,75890000.0
1231,2019-02-20,43.01,104460000.0
1230,2019-02-21,42.77,69000000.0
1229,2019-02-22,43.24,75650000.0
1228,2019-02-25,43.56,87490000.0
1227,2019-02-26,43.58,68280000.0
1226,2019-02-27,43.72,111340000.0
1225,2019-02-28,43.29,112860000.0
1224,2019-03-01,43.74,103540000.0
1223,2019-03-04,43.96,109740000.0
1222,2019-03-05,43.88,78950000.0
1221,2019-03-06,43.63,83240000.0
1220,2019-03-07,43.12,99190000.0
1219,2019-03-08,43.23,96000000.0
1218,2019-03-11,44.73,128040000.0
1217,2019-03-12,45.23,129870000.0
1216,2019-03-13,45.43,124130000.0
1215,2019-03-14,45.93,94320000.0
1214,2019-03-15,46.53,156170000.0
1213,2019-03-18,47.01,104880000.0
1212,2019-03-19,46.63,126590000.0
1211,2019-03-20,47.04,124140000.0
1210,2019-03-21,48.77,204140000.0
1209,2019-03-22,47.76,169630000.0
1208,2019-03-25,47.19,175380000.0
1207,2019-03-26,46.7,199200000.0
1206,2019-03-27,47.12,119390000.0
1205,2019-03-28,47.18,83120000.0
1204,2019-03-29,47.49,94260000.0
1203,2019-04-01,47.81,111450000.0
1202,2019-04-02,48.51,91060000.0
1201,2019-04-03,48.84,93090000.0
1200,2019-04-04,48.92,76460000.0
1199,2019-04-05,49.25,74110000.0
1198,2019-04-08,50.02,103530000.0
1197,2019-04-09,49.88,143070000.0
1196,2019-04-10,50.16,86780000.0
1195,2019-04-11,49.74,83600000.0
1194,2019-04-12,49.72,111040000.0
1193,2019-04-15,49.81,70150000.0
1192,2019-04-16,49.81,102790000.0
1191,2019-04-17,50.78,115630000.0
1190,2019-04-18,50.97,96780000.0
1189,2019-04-22,51.13,77760000.0
1188,2019-04-23,51.87,93290000.0
1187,2019-04-24,51.79,70160000.0
1186,2019-04-25,51.32,74170000.0
1185,2019-04-26,51.08,74600000.0
1184,2019-04-29,51.15,88820000.0
1183,2019-04-30,50.17,186140000.0
1182,2019-05-01,52.63,259310000.0
1181,2019-05-02,52.29,127990000.0
1180,2019-05-03,52.94,83570000.0
1179,2019-05-06,52.12,129770000.0
1178,2019-05-07,50.72,155050000.0
1177,2019-05-08,50.73,105360000.0
1176,2019-05-09,50.18,139630000.0
1175,2019-05-10,49.3,164830000.0
1174,2019-05-13,46.43,229720000.0
1173,2019-05-14,47.16,146120000.0
1172,2019-05-15,47.73,106180000.0
1171,2019-05-16,47.52,132130000.0
1170,2019-05-17,47.25,131520000.0
1169,2019-05-20,45.77,154450000.0
1168,2019-05-21,46.65,113460000.0
1167,2019-05-22,45.7,118990000.0
1166,2019-05-23,44.91,146120000.0
1165,2019-05-24,44.74,94860000.0
1164,2019-05-28,44.56,111790000.0
1163,2019-05-29,44.34,113920000.0
1162,2019-05-30,44.58,84870000.0
1161,2019-05-31,43.77,108170000.0
1160,2019-06-03,43.33,161580000.0
1159,2019-06-04,44.91,123870000.0
1158,2019-06-05,45.63,119090000.0
1157,2019-06-06,46.3,90110000.0
1156,2019-06-07,47.54,122740000.0
1155,2019-06-10,48.15,104880000.0
1154,2019-06-11,48.7,107730000.0
1153,2019-06-12,48.55,73010000.0
1152,2019-06-13,48.54,86700000.0
1151,2019-06-14,48.19,75050000.0
1150,2019-06-17,48.47,58680000.0
1149,2019-06-18,49.61,106200000.0
1148,2019-06-19,49.47,84500000.0
1147,2019-06-20,49.87,86060000.0
1146,2019-06-21,49.7,191200000.0
1145,2019-06-24,49.65,72880000.0
1144,2019-06-25,48.89,84280000.0
1143,2019-06-26,49.95,104270000.0
1142,2019-06-27,49.94,83600000.0
1141,2019-06-28,49.48,124440000.0
1140,2019-07-01,50.39,109270000.0
1139,2019-07-02,50.68,67740000.0
1138,2019-07-03,51.1,45450000.0
1137,2019-07-05,51.06,69060000.0
1136,2019-07-08,50.01,101350000.0
1135,2019-07-09,50.31,82310000.0
1134,2019-07-10,50.81,71590000.0
1133,2019-07-11,50.44,80770000.0
1132,2019-07-12,50.83,70380000.0
1131,2019-07-15,51.3,67790000.0
1130,2019-07-16,51.12,67470000.0
1129,2019-07-17,50.84,56430000.0
1128,2019-07-18,51.41,74330000.0
1127,2019-07-19,50.65,83720000.0
1126,2019-07-22,51.8,89110000.0
1125,2019-07-23,52.21,73420000.0
1124,2019-07-24,52.17,59970000.0
1123,2019-07-25,51.76,55640000.0
1122,2019-07-26,51.94,70480000.0
1121,2019-07-29,52.42,86690000.0
1120,2019-07-30,52.2,135740000.0
1119,2019-07-31,53.26,277130000.0
1118,2019-08-01,52.11,216070000.0
1117,2019-08-02,51.01,163450000.0
1116,2019-08-05,48.34,209570000.0
1115,2019-08-06,49.25,143300000.0
1114,2019-08-07,49.76,133460000.0
1113,2019-08-08,50.86,108040000.0
1112,2019-08-09,50.25,98480000.0
1111,2019-08-12,50.12,89930000.0
1110,2019-08-13,52.24,190160000.0
1109,2019-08-14,50.69,146190000.0
1108,2019-08-15,50.44,111530000.0
1107,2019-08-16,51.62,115250000.0
1106,2019-08-19,52.59,97730000.0
1105,2019-08-20,52.59,107680000.0
1104,2019-08-21,53.16,86260000.0
1103,2019-08-22,53.12,89070000.0
1102,2019-08-23,50.66,187530000.0
1101,2019-08-26,51.62,104260000.0
1100,2019-08-27,51.04,103590000.0
1099,2019-08-28,51.38,63830000.0
1098,2019-08-29,52.25,84030000.0
1097,2019-08-30,52.19,84650000.0
1096,2019-09-03,51.42,80240000.0
1095,2019-09-04,52.3,76870000.0
1094,2019-09-05,53.32,95790000.0
1093,2019-09-06,53.31,77450000.0
1092,2019-09-09,53.54,109240000.0
1091,2019-09-10,54.17,127110000.0
1090,2019-09-11,55.9,177160000.0
1089,2019-09-12,55.77,128910000.0
1088,2019-09-13,54.69,159050000.0
1087,2019-09-16,54.98,84630000.0
1086,2019-09-17,55.17,73550000.0
1085,2019-09-18,55.69,102570000.0
1084,2019-09-19,55.24,88750000.0
1083,2019-09-20,54.43,231910000.0
1082,2019-09-23,54.68,77680000.0
1081,2019-09-24,54.42,125740000.0
1080,2019-09-25,55.26,89920000.0
1079,2019-09-26,54.97,76350000.0
1078,2019-09-27,54.7,101450000.0
1077,2019-09-30,55.99,105270000.0
1076,2019-10-01,56.15,144750000.0
1075,2019-10-02,54.74,143070000.0
1074,2019-10-03,55.2,121410000.0
1073,2019-10-04,56.75,139020000.0
1072,2019-10-07,56.77,123560000.0
1071,2019-10-08,56.1,117130000.0
1070,2019-10-09,56.76,76120000.0
1069,2019-10-10,57.52,115850000.0
1068,2019-10-11,59.05,167960000.0
1067,2019-10-14,58.97,97650000.0
1066,2019-10-15,58.83,92160000.0
1065,2019-10-16,58.59,77150000.0
1064,2019-10-17,58.82,69090000.0
1063,2019-10-18,59.1,97510000.0
1062,2019-10-21,60.13,89470000.0
1061,2019-10-22,59.99,90740000.0
1060,2019-10-23,60.8,79730000.0
1059,2019-10-24,60.9,71670000.0
1058,2019-10-25,61.65,73480000.0
1057,2019-10-28,62.26,96570000.0
1056,2019-10-29,60.82,142840000.0
1055,2019-10-30,60.81,124520000.0
1054,2019-10-31,62.19,139160000.0
1053,2019-11-01,63.95,151130000.0
1052,2019-11-04,64.38,103270000.0
1051,2019-11-05,64.28,79900000.0
1050,2019-11-06,64.31,75860000.0
1049,2019-11-07,64.86,94940000.0
1048,2019-11-08,65.03,70080000.0
1047,2019-11-11,65.55,82030000.0
1046,2019-11-12,65.49,87390000.0
1045,2019-11-13,66.12,103270000.0
1044,2019-11-14,65.66,89580000.0
1043,2019-11-15,66.44,100370000.0
1042,2019-11-18,66.78,86800000.0
1041,2019-11-19,66.57,76280000.0
1040,2019-11-20,65.8,106440000.0
1039,2019-11-21,65.5,121400000.0
1038,2019-11-22,65.44,65330000.0
1037,2019-11-25,66.59,84120000.0
1036,2019-11-26,66.07,105340000.0
1035,2019-11-27,66.96,65540000.00000001
1034,2019-11-29,66.81,46620000.0
1033,2019-12-02,66.04,94770000.0
1032,2019-12-03,64.86,117510000.0
1031,2019-12-04,65.44,67240000.0
1030,2019-12-05,66.39,74650000.0
1029,2019-12-06,67.68,106190000.0
1028,2019-12-09,66.73,128730000.0
1027,2019-12-10,67.12,90530000.0
1026,2019-12-11,67.69,78890000.0
1025,2019-12-12,67.86,137750000.0
1024,2019-12-13,68.79,133730000.0
1023,2019-12-16,69.97,128320000.0
1022,2019-12-17,70.1,114300000.0
1021,2019-12-18,69.94,116100000.0
1020,2019-12-19,70.0,98510000.0
1019,2019-12-20,69.86,276130000.0
1018,2019-12-23,71.0,98710000.0
1017,2019-12-24,71.07,48480000.0
1016,2019-12-26,72.48,93340000.0
1015,2019-12-27,72.45,146370000.0
1014,2019-12-30,72.88,144240000.0
1013,2019-12-31,73.41,100990000.0
1012,2020-01-02,75.09,135650000.0
1011,2020-01-03,74.36,146540000.0
1010,2020-01-06,74.95,118580000.0
1009,2020-01-07,74.6,111510000.0
1008,2020-01-08,75.8,132360000.0
1007,2020-01-09,77.41,170490000.0
1006,2020-01-10,77.58,140870000.0
1005,2020-01-13,79.24,122090000.0
1004,2020-01-14,78.17,162610000.0
1003,2020-01-15,77.83,121920000.0
1002,2020-01-16,78.81,108830000.0
1001,2020-01-17,79.68,137820000.0
1000,2020-01-21,79.14,110840000.0
999,2020-01-22,79.42,101830000.0
998,2020-01-23,79.81,104470000.0
997,2020-01-24,79.58,146540000.0
996,2020-01-27,77.24,161940000.0
995,2020-01-28,79.42,162230000.0
994,2020-01-29,81.08,216600000.0
993,2020-01-30,80.97,126740000.0
992,2020-01-31,77.38,199590000.0
991,2020-02-03,77.17,173990000.0
990,2020-02-04,79.71,136620000.0
989,2020-02-05,80.36,118830000.0
988,2020-02-06,81.3,105430000.0
987,2020-02-07,80.01,117680000.0
986,2020-02-10,80.39,109350000.0
985,2020-02-11,79.9,94320000.0
984,2020-02-12,81.8,113730000.0
983,2020-02-13,81.22,94750000.0
982,2020-02-14,81.24,80110000.0
981,2020-02-18,79.75,152760000.0
980,2020-02-19,80.91,93980000.0
979,2020-02-20,80.08,100570000.0
978,2020-02-21,78.26,129710000.0
977,2020-02-24,74.55,222200000.0
976,2020-02-25,72.02,230670000.0
975,2020-02-26,73.16,198710000.0
974,2020-02-27,68.38,320610000.0
973,2020-02-28,68.34,426880000.0
972,2020-03-02,74.7,341400000.0
971,2020-03-03,72.33,319480000.0
970,2020-03-04,75.69,219180000.0
969,2020-03-05,73.23,187570000.0
968,2020-03-06,72.26,226180000.0
967,2020-03-09,66.54,286740000.0
966,2020-03-10,71.33,285290000.0
965,2020-03-11,68.86,256380000.0
964,2020-03-12,62.06,418470000.0
963,2020-03-13,69.49,370730000.0
962,2020-03-16,60.55,322420000.0
961,2020-03-17,63.22,324060000.0
960,2020-03-18,61.67,300230000.0
959,2020-03-19,61.2,271860000.0
958,2020-03-20,57.31,401690000.0
957,2020-03-23,56.09,336750000.0
956,2020-03-24,61.72,287530000.0
955,2020-03-25,61.38,303600000.0
954,2020-03-26,64.61,252560000.0
953,2020-03-27,61.94,204220000.0
952,2020-03-30,63.7,167980000.0
951,2020-03-31,63.57,197000000.0
950,2020-04-01,60.23,176220000.0
949,2020-04-02,61.23,165930000.0
948,2020-04-03,60.35,129880000.0
947,2020-04-06,65.62,201820000.0
946,2020-04-07,64.86,202890000.0
945,2020-04-08,66.52,168900000.0
944,2020-04-09,67.0,162120000.0
943,2020-04-13,68.31,131020000.0
942,2020-04-14,71.76,194990000.0
941,2020-04-15,71.11,131150000.0
940,2020-04-16,71.67,157130000.0
939,2020-04-17,70.7,215250000.0
938,2020-04-20,69.23,130020000.0
937,2020-04-21,67.09,180990000.0
936,2020-04-22,69.03,117060000.0
935,2020-04-23,68.76,124810000.0
934,2020-04-24,70.74,126510000.0
933,2020-04-27,70.79,117090000.0
932,2020-04-28,69.64,112000000.0
931,2020-04-29,71.93,137280000.0
930,2020-04-30,73.45,183060000.0
929,2020-05-01,72.27,240620000.0
928,2020-05-04,73.29,133570000.0
927,2020-05-05,74.39,147750000.0
926,2020-05-06,75.16,142330000.0
925,2020-05-07,75.94,115220000.0
924,2020-05-08,77.53,134050000.0
923,2020-05-11,78.75,145950000.0
922,2020-05-12,77.85,162300000.0
921,2020-05-13,76.91,200620000.0
920,2020-05-14,77.39,158930000.0
919,2020-05-15,76.93,166350000.0
918,2020-05-18,78.74,135370000.0
917,2020-05-19,78.28,101730000.0
916,2020-05-20,79.81,111500000.0
915,2020-05-21,79.21,102690000.0
914,2020-05-22,79.72,81800000.0
913,2020-05-27,79.53,112950000.0
912,2020-05-28,79.56,133800000.0
911,2020-05-29,79.48,153600000.0
910,2020-06-01,80.46,81020000.0
909,2020-06-02,80.83,87640000.0
908,2020-06-03,81.28,104490000.0
907,2020-06-04,80.58,87560000.0
906,2020-06-05,82.88,137250000.0
905,2020-06-08,83.36,95650000.0
904,2020-06-09,86.0,147710000.0
903,2020-06-10,88.21,166650000.0
902,2020-06-11,83.97,201660000.0
901,2020-06-12,84.7,200150000.0
900,2020-06-15,85.75,138810000.0
899,2020-06-16,88.02,165430000.0
898,2020-06-17,87.9,114410000.0
897,2020-06-18,87.93,96820000.0
896,2020-06-19,87.43,264480000.00000003
895,2020-06-22,89.72,135450000.0
894,2020-06-23,91.63,212160000.0
893,2020-06-24,90.02,192620000.0
892,2020-06-25,91.21,137520000.0
891,2020-06-26,88.41,205260000.0
890,2020-06-29,90.44,130650000.0
889,2020-06-30,91.2,140220000.0
888,2020-07-01,91.03,110740000.0
887,2020-07-02,91.03,114040000.0
886,2020-07-07,93.17,112420000.0
885,2020-07-08,95.34,117090000.0
884,2020-07-09,95.68,125640000.0
883,2020-07-10,95.92,90260000.0
882,2020-07-13,95.48,191650000.0
881,2020-07-14,97.06,170990000.0
880,2020-07-15,97.72,153200000.0
879,2020-07-16,96.52,110580000.0
878,2020-07-17,96.33,92190000.0
877,2020-07-20,98.36,90320000.0
876,2020-07-21,97.0,103650000.0
875,2020-07-22,97.27,89000000.0
874,2020-07-23,92.84,197000000.0
873,2020-07-24,92.61,185440000.0
872,2020-07-27,94.81,121210000.0
871,2020-07-28,93.25,103630000.0
870,2020-07-29,95.04,90330000.0
869,2020-07-30,96.19,158130000.0
868,2020-07-31,106.26,374300000.0
867,2020-08-03,108.94,308150000.0
866,2020-08-04,109.67,172790000.0
865,2020-08-05,110.06,121990000.0
864,2020-08-06,113.9,202430000.0
863,2020-08-07,111.11,198050000.0
862,2020-08-10,112.73,212400000.0
861,2020-08-11,109.38,187900000.0
860,2020-08-12,113.01,165940000.0
859,2020-08-13,115.01,210080000.0
858,2020-08-14,114.91,165570000.0
857,2020-08-17,114.61,119560000.0
856,2020-08-18,115.56,105630000.0
855,2020-08-19,115.71,145540000.0
854,2020-08-20,118.28,126910000.0
853,2020-08-21,124.37,338050000.0
852,2020-08-24,125.86,345940000.0
851,2020-08-25,124.83,211500000.0
850,2020-08-26,126.52,163020000.0
849,2020-08-27,125.01,155550000.0
848,2020-08-28,124.81,187630000.0
847,2020-08-31,129.04,225700000.0
846,2020-09-01,134.18,152470000.0
845,2020-09-02,131.4,200120000.0
844,2020-09-03,120.88,257600000.00000003
843,2020-09-04,120.96,332610000.0
842,2020-09-09,117.32,176940000.0
841,2020-09-10,113.49,182270000.0
840,2020-09-11,112.0,180860000.0
839,2020-09-14,115.36,140150000.0
838,2020-09-15,115.54,184640000.0
837,2020-09-16,112.13,155030000.0
836,2020-09-17,110.34,178010000.0
835,2020-09-18,106.84,287100000.0
834,2020-09-21,110.08,195710000.0
833,2020-09-22,111.81,183060000.0
832,2020-09-23,107.12,150720000.0
831,2020-09-24,108.22,167740000.0
830,2020-09-25,112.28,149980000.0
829,2020-09-28,114.96,137670000.0
828,2020-09-29,114.09,100060000.0
827,2020-09-30,115.81,142680000.0
826,2020-10-01,116.79,116120000.0
825,2020-10-02,113.02,144710000.0
824,2020-10-05,116.5,106240000.0
823,2020-10-06,113.16,161500000.0
822,2020-10-07,115.08,96850000.0
821,2020-10-08,114.97,83480000.0
820,2020-10-09,116.97,100510000.0
819,2020-10-12,124.4,240230000.0
818,2020-10-13,121.1,262330000.0
817,2020-10-14,121.19,151060000.0
816,2020-10-15,120.71,112560000.0
815,2020-10-16,119.02,115390000.0
814,2020-10-19,115.98,120640000.0
813,2020-10-20,117.51,124420000.0
812,2020-10-21,116.87,89950000.0
811,2020-10-22,115.75,101990000.0
810,2020-10-23,115.04,82570000.0
809,2020-10-26,115.05,111850000.0
808,2020-10-27,116.6,92280000.0
807,2020-10-28,111.2,143940000.0
806,2020-10-29,115.32,146130000.0
805,2020-10-30,108.86,190570000.0
804,2020-11-02,108.77,122870000.0
803,2020-11-03,110.44,107620000.0
802,2020-11-04,114.95,138240000.0
801,2020-11-05,119.03,126390000.0
800,2020-11-06,118.69,114460000.0
799,2020-11-09,116.32,154520000.0
798,2020-11-10,115.97,138020000.0
797,2020-11-11,119.49,112300000.0
796,2020-11-12,119.21,103350000.0
795,2020-11-13,119.26,81690000.0
794,2020-11-16,120.3,91180000.0
793,2020-11-17,119.39,74270000.0
792,2020-11-18,118.03,76320000.0
791,2020-11-19,118.64,74110000.0
790,2020-11-20,117.34,73600000.0
789,2020-11-23,113.85,127960000.0
788,2020-11-24,115.17,113870000.0
787,2020-11-25,116.03,76500000.0
786,2020-11-30,119.05,169410000.0
785,2020-12-01,122.72,128170000.0
784,2020-12-02,123.08,89000000.0
783,2020-12-03,122.94,78970000.0
782,2020-12-04,122.25,78260000.0
781,2020-12-07,123.75,86710000.0
780,2020-12-08,124.38,82230000.0
779,2020-12-09,121.78,115090000.0
778,2020-12-10,123.24,81310000.0
777,2020-12-11,122.41,86940000.0
776,2020-12-14,121.78,79080000.0
775,2020-12-15,127.88,157570000.0
774,2020-12-16,127.81,98210000.0
773,2020-12-17,128.7,94360000.0
772,2020-12-18,126.65,192540000.0
771,2020-12-21,128.23,121250000.0
770,2020-12-22,131.88,169350000.0
769,2020-12-23,130.96,88220000.0
768,2020-12-24,131.97,54930000.0
767,2020-12-28,136.69,124490000.0
766,2020-12-29,134.87,121050000.0
765,2020-12-30,133.72,96450000.0
764,2020-12-31,132.69,99120000.0
763,2021-01-04,129.41,143300000.0
762,2021-01-05,131.01,97670000.0
761,2021-01-06,126.6,155090000.0
760,2021-01-07,130.92,109580000.0
759,2021-01-08,132.05,105160000.0
758,2021-01-11,128.98,100620000.0
757,2021-01-12,128.8,91950000.0
756,2021-01-13,130.89,88640000.0
755,2021-01-14,128.91,90220000.0
754,2021-01-15,127.14,111600000.0
753,2021-01-20,132.03,104320000.0
752,2021-01-21,136.87,120530000.0
751,2021-01-22,139.07,114460000.0
750,2021-01-25,142.92,157610000.0
749,2021-01-26,143.16,98390000.0
748,2021-01-27,142.06,140840000.0
747,2021-01-28,137.09,142620000.0
746,2021-01-29,131.96,177520000.0
745,2021-02-01,134.14,106240000.0
744,2021-02-02,134.99,83310000.0
743,2021-02-03,133.94,89880000.0
742,2021-02-04,137.39,84180000.0
741,2021-02-05,136.76,75690000.0
740,2021-02-08,136.91,71300000.0
739,2021-02-09,136.01,76770000.0
738,2021-02-10,135.39,73050000.0
737,2021-02-11,135.13,64280000.0
736,2021-02-12,135.37,60150000.0
735,2021-02-17,130.84,98090000.0
734,2021-02-18,129.71,96860000.0
733,2021-02-19,129.87,87670000.0
732,2021-02-22,126.0,103920000.0
731,2021-02-23,125.86,158270000.0
730,2021-02-24,125.35,111040000.0
729,2021-02-25,120.99,148200000.0
728,2021-02-26,121.26,164560000.0
727,2021-03-01,127.79,116310000.0
726,2021-03-02,125.12,102260000.0
725,2021-03-03,122.06,112970000.0
724,2021-03-04,120.13,178160000.0
723,2021-03-05,121.42,153770000.0
722,2021-03-08,116.36,154380000.0
721,2021-03-09,121.08,129530000.0
720,2021-03-10,119.98,111940000.0
719,2021-03-11,121.96,103030000.0
718,2021-03-12,121.03,88110000.0
717,2021-03-15,123.99,92590000.0
716,2021-03-16,125.57,115230000.0
715,2021-03-17,124.76,111930000.0
714,2021-03-18,120.53,121470000.0
713,2021-03-19,119.99,185550000.0
712,2021-03-22,123.39,111910000.0
711,2021-03-23,122.54,95470000.0
710,2021-03-24,120.09,88530000.0
709,2021-03-25,120.59,98850000.0
708,2021-03-26,121.21,94070000.0
707,2021-03-29,121.39,80820000.0
706,2021-03-30,119.9,85670000.0
705,2021-03-31,122.15,118320000.0
704,2021-04-01,123.0,75090000.0
703,2021-04-05,125.9,88650000.0
702,2021-04-06,126.21,80170000.0
701,2021-04-07,127.9,83470000.0
700,2021-04-08,130.36,88850000.0
699,2021-04-09,132.99,106690000.0
698,2021-04-12,131.24,91420000.0
697,2021-04-13,134.43,91270000.0
696,2021-04-14,132.03,87220000.0
695,2021-04-15,134.5,89350000.0
694,2021-04-16,134.16,84920000.0
693,2021-04-19,134.84,94260000.0
692,2021-04-20,133.11,94810000.0
691,2021-04-21,133.5,68850000.0
690,2021-04-22,131.94,84570000.0
689,2021-04-23,134.32,78760000.0
688,2021-04-26,134.72,66910000.0
687,2021-04-27,134.39,66019999.99999999
686,2021-04-28,133.58,107760000.0
685,2021-04-29,133.48,151100000.0
684,2021-04-30,131.46,109840000.0
683,2021-05-03,132.54,75140000.0
682,2021-05-04,127.85,137560000.0
681,2021-05-05,128.1,84000000.0
680,2021-05-06,129.74,78130000.0
679,2021-05-07,130.21,78970000.0
678,2021-05-10,126.85,88070000.0
677,2021-05-11,125.91,126140000.0
676,2021-05-12,122.77,112170000.0
675,2021-05-13,124.97,105860000.0
674,2021-05-14,127.45,81920000.0
673,2021-05-17,126.27,74250000.0
672,2021-05-18,124.85,63340000.0
671,2021-05-19,124.69,92610000.0
670,2021-05-20,127.31,76860000.0
669,2021-05-21,125.43,79300000.0
668,2021-05-24,127.1,63090000.0
667,2021-05-25,126.9,72010000.0
666,2021-05-26,126.85,56580000.0
665,2021-05-27,125.28,94630000.0
664,2021-05-28,124.61,71310000.0
663,2021-06-02,125.06,59280000.0
662,2021-06-03,123.54,76230000.0
661,2021-06-04,125.89,75170000.0
660,2021-06-07,125.9,71060000.0
659,2021-06-08,126.74,74400000.0
658,2021-06-09,127.13,56880000.0
657,2021-06-10,126.11,71190000.0
656,2021-06-11,127.35,53520000.0
655,2021-06-14,130.48,96910000.0
654,2021-06-15,129.64,62750000.0
653,2021-06-16,130.15,91820000.0
652,2021-06-17,131.79,96720000.0
651,2021-06-18,130.46,108950000.0
650,2021-06-21,132.3,79660000.0
649,2021-06-22,133.98,74780000.0
648,2021-06-23,133.7,60210000.0
647,2021-06-24,133.41,68710000.0
646,2021-06-25,133.11,70780000.0
645,2021-06-28,134.78,62110000.0
644,2021-06-29,136.33,64560000.0
643,2021-06-30,136.96,63260000.0
642,2021-07-01,137.27,52490000.0
641,2021-07-02,139.96,78950000.0
640,2021-07-07,144.57,104910000.0
639,2021-07-08,143.24,105580000.0
638,2021-07-09,145.11,99890000.0
637,2021-07-12,144.5,76300000.0
636,2021-07-13,145.64,100830000.0
635,2021-07-14,149.15,127050000.0
634,2021-07-15,148.48,106820000.0
633,2021-07-16,146.39,93250000.0
632,2021-07-19,142.45,121440000.0
631,2021-07-20,146.15,96350000.0
630,2021-07-21,145.4,74990000.0
629,2021-07-22,146.8,77340000.0
628,2021-07-23,148.56,71450000.0
627,2021-07-26,148.99,72430000.0
626,2021-07-27,146.77,104820000.0
625,2021-07-28,144.98,118930000.0
624,2021-07-29,145.64,56700000.0
623,2021-07-30,145.86,70440000.0
622,2021-08-02,145.52,62880000.0
621,2021-08-03,147.36,64790000.00000001
620,2021-08-04,146.95,56370000.0
619,2021-08-05,147.06,46400000.0
618,2021-08-06,146.14,54130000.0
617,2021-08-09,146.09,48910000.0
616,2021-08-10,145.6,69020000.0
615,2021-08-11,145.86,48490000.0
614,2021-08-12,148.89,73780000.0
613,2021-08-13,149.1,59380000.0
612,2021-08-16,151.12,103560000.0
611,2021-08-17,150.19,92230000.0
610,2021-08-18,146.36,86330000.0
609,2021-08-19,146.7,86960000.0
608,2021-08-20,148.19,60550000.0
607,2021-08-23,149.71,60130000.0
606,2021-08-24,149.62,48610000.0
605,2021-08-25,148.36,58990000.0
604,2021-08-26,147.54,48600000.0
603,2021-08-27,148.6,55800000.0
602,2021-08-30,153.12,90960000.0
601,2021-08-31,151.83,86450000.0
600,2021-09-01,152.51,80310000.0
599,2021-09-02,153.65,71170000.0
598,2021-09-03,154.3,57870000.0
597,2021-09-08,155.11,74420000.0
596,2021-09-09,154.07,57310000.0
595,2021-09-10,148.97,140890000.0
594,2021-09-13,149.55,102400000.0
593,2021-09-14,148.12,109300000.0
592,2021-09-15,149.03,83280000.0
591,2021-09-16,148.79,68030000.0
590,2021-09-17,146.06,129870000.0
589,2021-09-20,142.94,123480000.0
588,2021-09-21,143.43,75830000.0
587,2021-09-22,145.85,76400000.0
586,2021-09-23,146.83,64840000.0
585,2021-09-24,146.92,53480000.0
584,2021-09-27,145.37,74150000.0
583,2021-09-28,141.91,108970000.0
582,2021-09-29,142.83,74600000.0
581,2021-09-30,141.5,89060000.0
580,2021-10-01,142.65,94640000.0
579,2021-10-04,139.14,98320000.0
578,2021-10-05,141.11,80860000.0
577,2021-10-06,142.0,83220000.0
576,2021-10-07,143.29,61730000.0
575,2021-10-08,142.9,58770000.0
574,2021-10-11,142.81,64450000.0
573,2021-10-12,141.51,73040000.0
572,2021-10-13,140.91,78760000.0
571,2021-10-14,143.76,69910000.0
570,2021-10-15,144.84,67940000.0
569,2021-10-18,146.55,85590000.0
568,2021-10-19,148.76,76380000.0
567,2021-10-20,149.26,58420000.0
566,2021-10-21,149.48,61420000.0
565,2021-10-22,148.69,58880000.0
564,2021-10-25,148.64,50720000.0
563,2021-10-26,149.32,60890000.0
562,2021-10-27,148.85,56100000.0
561,2021-10-28,152.57,100080000.0
560,2021-10-29,149.8,124950000.0
559,2021-11-01,148.96,74590000.0
558,2021-11-02,150.02,69120000.0
557,2021-11-03,151.49,54510000.0
556,2021-11-04,150.96,60400000.0
555,2021-11-05,151.28,65459999.99999999
554,2021-11-08,150.44,55020000.0
553,2021-11-09,150.81,56790000.0
552,2021-11-10,147.92,65190000.0
551,2021-11-11,147.87,41000000.0
550,2021-11-12,149.99,63800000.0
549,2021-11-15,150.0,59220000.0
548,2021-11-16,151.0,59260000.0
547,2021-11-17,153.49,88810000.0
546,2021-11-18,157.87,137830000.0
545,2021-11-19,160.55,117310000.0
544,2021-11-22,161.02,117470000.0
543,2021-11-23,161.41,96040000.0
542,2021-11-24,161.94,69460000.0
541,2021-11-29,160.24,88750000.0
540,2021-11-30,165.3,174050000.0
539,2021-12-01,164.77,152420000.0
538,2021-12-02,163.76,136740000.0
537,2021-12-03,161.84,118020000.0
536,2021-12-06,165.32,107500000.0
535,2021-12-07,171.18,120410000.0
534,2021-12-08,175.08,117000000.0
533,2021-12-09,174.56,108920000.0
532,2021-12-10,179.45,115400000.0
531,2021-12-13,175.74,153240000.0
530,2021-12-14,174.33,139380000.0
529,2021-12-15,179.3,131060000.0
528,2021-12-16,172.26,150190000.0
527,2021-12-17,171.14,195920000.0
526,2021-12-20,169.75,107500000.0
525,2021-12-21,172.99,91190000.0
524,2021-12-22,175.64,92140000.0
523,2021-12-23,176.28,68360000.0
522,2021-12-27,180.33,74920000.0
521,2021-12-28,179.29,79140000.0
520,2021-12-29,179.38,62350000.0
519,2021-12-30,178.2,59770000.0
518,2021-12-31,177.57,64060000.0
517,2022-01-03,182.01,104700000.0
516,2022-01-04,179.7,99310000.0
515,2022-01-05,174.92,94540000.0
514,2022-01-06,172.0,96900000.0
513,2022-01-07,172.17,86710000.0
512,2022-01-10,172.19,106770000.0
511,2022-01-11,175.08,76140000.0
510,2022-01-12,175.53,74810000.0
509,2022-01-13,172.19,84510000.0
508,2022-01-14,173.07,80440000.0
507,2022-01-19,166.23,94820000.0
506,2022-01-20,164.51,91420000.0
505,2022-01-21,162.41,122850000.0
504,2022-01-24,161.62,162710000.0
503,2022-01-25,159.78,115800000.0
502,2022-01-26,159.69,108280000.0
501,2022-01-27,159.22,121960000.0
500,2022-01-28,170.33,179940000.0
499,2022-01-31,174.78,115540000.0
498,2022-02-01,174.61,86210000.0
497,2022-02-02,175.84,84910000.0
496,2022-02-03,172.9,89420000.0
495,2022-02-04,172.39,82470000.0
494,2022-02-07,171.66,77250000.0
493,2022-02-08,174.83,74830000.0
492,2022-02-09,176.28,71290000.0
491,2022-02-10,172.12,90870000.0
490,2022-02-11,168.64,98670000.0
489,2022-02-14,168.88,86190000.0
488,2022-02-15,172.79,64290000.00000001
487,2022-02-16,172.55,61180000.0
486,2022-02-17,168.88,69590000.0
485,2022-02-18,167.3,82770000.0
484,2022-02-23,160.07,90010000.0
483,2022-02-24,162.74,141150000.0
482,2022-02-25,164.85,91970000.0
481,2022-02-28,165.12,95060000.0
480,2022-03-01,163.2,83470000.0
479,2022-03-02,166.56,79730000.0
478,2022-03-03,166.23,76680000.0
477,2022-03-04,163.17,83820000.0
476,2022-03-07,159.3,96420000.0
475,2022-03-08,157.44,131150000.0
474,2022-03-09,162.95,91460000.0
473,2022-03-10,158.52,105340000.0
472,2022-03-11,154.73,96970000.0
471,2022-03-14,150.62,108730000.0
470,2022-03-15,155.09,92960000.0
469,2022-03-16,159.59,102300000.0
468,2022-03-17,160.62,75620000.0
467,2022-03-18,163.98,123510000.0
466,2022-03-21,165.38,95810000.0
465,2022-03-22,168.82,81530000.0
464,2022-03-23,170.21,98060000.0
463,2022-03-24,174.07,90130000.0
462,2022-03-25,174.72,80550000.0
461,2022-03-28,175.6,90370000.0
460,2022-03-29,178.96,100590000.0
459,2022-03-30,177.77,92630000.0
458,2022-03-31,174.61,103050000.0
457,2022-04-01,174.31,78750000.0
456,2022-04-04,178.44,76550000.0
455,2022-04-05,175.06,73400000.0
454,2022-04-06,171.83,89060000.0
453,2022-04-07,172.14,77600000.0
452,2022-04-08,170.09,76580000.0
451,2022-04-11,165.75,72250000.0
450,2022-04-12,167.66,79270000.0
449,2022-04-13,170.4,70620000.0
448,2022-04-14,165.29,75330000.0
447,2022-04-18,165.07,69020000.0
446,2022-04-19,167.4,67720000.0
445,2022-04-20,167.23,67930000.0
444,2022-04-21,166.42,87230000.0
443,2022-04-22,161.79,84880000.0
442,2022-04-25,162.88,96050000.0
441,2022-04-26,156.8,95620000.0
440,2022-04-27,156.57,88060000.0
439,2022-04-28,163.64,130220000.0
438,2022-04-29,157.65,131750000.0
437,2022-05-02,157.96,123060000.0
436,2022-05-03,159.48,88970000.0
435,2022-05-04,166.02,108260000.0
434,2022-05-05,156.77,130530000.0
433,2022-05-06,157.28,116130000.0
432,2022-05-09,152.06,131580000.0
431,2022-05-10,154.51,115370000.0
430,2022-05-11,146.5,142690000.0
429,2022-05-12,142.56,182600000.0
428,2022-05-13,147.11,113990000.0
427,2022-05-16,145.54,86640000.0
426,2022-05-17,149.24,78340000.0
425,2022-05-18,140.82,109740000.0
424,2022-05-19,137.35,136100000.0
423,2022-05-20,137.59,137430000.0
422,2022-05-23,143.11,117730000.0
421,2022-05-24,140.36,104130000.0
420,2022-05-25,140.52,92480000.0
419,2022-05-26,143.78,90600000.0
418,2022-05-27,149.64,90980000.0
417,2022-06-01,148.71,74290000.0
416,2022-06-02,151.21,72350000.0
415,2022-06-03,145.38,88570000.0
414,2022-06-06,146.14,71600000.0
413,2022-06-07,148.71,67810000.0
412,2022-06-08,147.96,53950000.0
411,2022-06-09,142.64,69470000.0
410,2022-06-10,137.13,91570000.0
409,2022-06-13,131.88,122210000.0
408,2022-06-14,132.76,84780000.0
407,2022-06-15,135.43,91530000.0
406,2022-06-16,130.06,107960000.0
405,2022-06-17,131.56,134520000.0
404,2022-06-22,135.35,73410000.0
403,2022-06-23,138.27,72430000.0
402,2022-06-24,141.66,89120000.0
401,2022-06-27,141.66,70210000.0
400,2022-06-28,137.44,67320000.0
399,2022-06-29,139.23,66239999.99999999
398,2022-06-30,136.72,98960000.0
397,2022-07-01,138.93,71050000.0
396,2022-07-06,142.92,74060000.0
395,2022-07-07,146.35,66250000.0
394,2022-07-08,147.04,64550000.0
393,2022-07-11,144.87,63310000.0
392,2022-07-12,145.86,77590000.0
391,2022-07-13,145.49,71190000.0
390,2022-07-14,148.47,78140000.0
389,2022-07-15,150.17,76260000.0
388,2022-07-18,147.07,81420000.0
387,2022-07-19,151.0,82980000.0
386,2022-07-20,153.04,64819999.99999999
385,2022-07-21,155.35,65090000.0
384,2022-07-22,154.09,66680000.00000001
383,2022-07-25,152.95,53620000.0
382,2022-07-26,151.6,55140000.0
381,2022-07-27,156.79,78620000.0
380,2022-07-28,157.35,81380000.0
379,2022-07-29,162.51,101790000.0
378,2022-08-01,161.51,67830000.0
377,2022-08-02,160.01,59910000.0
376,2022-08-03,166.13,82510000.0
375,2022-08-04,165.81,55470000.0
374,2022-08-05,165.35,56700000.0
373,2022-08-08,164.87,60360000.0
372,2022-08-09,164.92,63140000.0
371,2022-08-10,169.24,70170000.0
370,2022-08-11,168.49,57150000.0
369,2022-08-12,172.1,68040000.0
368,2022-08-15,173.19,54090000.0
367,2022-08-16,173.03,56380000.0
366,2022-08-17,174.55,79540000.0
365,2022-08-18,174.15,62290000.0
364,2022-08-19,171.52,70350000.0
363,2022-08-22,167.57,69030000.0
362,2022-08-23,167.23,54150000.0
361,2022-08-24,167.53,53840000.0
360,2022-08-25,170.03,51220000.0
359,2022-08-26,163.62,78960000.0
358,2022-08-29,161.38,73310000.0
357,2022-08-30,158.91,77910000.0
356,2022-08-31,157.22,87990000.0
355,2022-09-01,157.96,74230000.0
354,2022-09-02,155.81,76960000.0
353,2022-09-07,155.96,87450000.0
352,2022-09-08,154.46,84920000.0
351,2022-09-09,157.37,68080000.0
350,2022-09-12,163.43,104960000.0
349,2022-09-13,153.84,122660000.0
348,2022-09-14,155.31,87970000.0
347,2022-09-15,152.37,90480000.0
346,2022-09-16,150.7,162280000.0
345,2022-09-19,154.48,81470000.0
344,2022-09-20,156.9,107690000.0
343,2022-09-21,153.72,101700000.0
342,2022-09-22,152.74,86650000.0
341,2022-09-23,150.43,96030000.0
340,2022-09-26,150.77,93340000.0
339,2022-09-27,151.76,84440000.0
338,2022-09-28,149.84,146690000.0
337,2022-09-29,142.48,128140000.0
336,2022-09-30,138.2,124930000.0
335,2022-10-03,142.45,114310000.0
334,2022-10-04,146.1,87830000.0
333,2022-10-05,146.4,79470000.0
332,2022-10-06,145.43,68400000.0
331,2022-10-07,140.09,85930000.0
330,2022-10-10,140.42,74900000.0
329,2022-10-11,138.98,77030000.0
328,2022-10-12,138.34,70430000.0
327,2022-10-13,142.99,113220000.0
326,2022-10-14,138.38,88600000.0
325,2022-10-17,142.41,85250000.0
324,2022-10-18,143.75,99140000.0
323,2022-10-19,143.86,61760000.0
322,2022-10-20,143.39,64519999.99999999
321,2022-10-21,147.27,86550000.0
320,2022-10-24,149.45,75980000.0
319,2022-10-25,152.34,74730000.0
318,2022-10-26,149.35,88440000.0
317,2022-10-27,144.8,109180000.0
316,2022-10-28,155.74,164760000.0
315,2022-10-31,153.34,97940000.0
314,2022-11-01,150.65,80380000.0
313,2022-11-02,145.03,93610000.0
312,2022-11-03,138.88,97920000.0
311,2022-11-04,138.38,140820000.0
310,2022-11-07,138.92,83380000.0
309,2022-11-08,139.5,89910000.0
308,2022-11-09,134.87,74920000.0
307,2022-11-10,146.87,118850000.0
306,2022-11-11,149.7,93980000.0
305,2022-11-14,148.28,73370000.0
304,2022-11-15,150.04,89870000.0
303,2022-11-16,148.79,64220000.0
302,2022-11-17,150.72,80390000.0
301,2022-11-18,151.29,74830000.0
300,2022-11-21,148.01,58720000.0
299,2022-11-22,150.18,51800000.0
298,2022-11-23,151.07,58300000.0
297,2022-11-25,148.11,35200000.0
296,2022-11-28,144.22,69350000.0
295,2022-11-29,141.17,83760000.0
294,2022-11-30,148.03,111380000.0
293,2022-12-01,148.31,71250000.0
292,2022-12-02,147.81,65450000.0
291,2022-12-05,146.63,68390000.0
290,2022-12-06,142.91,64519999.99999999
289,2022-12-07,140.94,69510000.0
288,2022-12-08,142.65,61910000.0
287,2022-12-09,142.16,76100000.0
286,2022-12-12,144.49,70310000.0
285,2022-12-13,145.47,93730000.0
284,2022-12-14,143.21,82290000.0
283,2022-12-15,136.5,97250000.0
282,2022-12-16,134.51,160160000.0
281,2022-12-19,132.37,79150000.0
280,2022-12-20,132.3,77080000.0
279,2022-12-21,135.45,85750000.0
278,2022-12-22,132.23,77590000.0
277,2022-12-23,131.86,63820000.0
276,2022-12-27,130.03,68750000.0
275,2022-12-28,126.04,84900000.0
274,2022-12-29,129.61,75480000.0
273,2022-12-30,129.93,77030000.0
272,2023-01-03,125.07,111680000.0
271,2023-01-04,126.36,88460000.0
270,2023-01-05,125.02,79970000.0
269,2023-01-06,129.62,87760000.0
268,2023-01-09,130.15,70500000.0
267,2023-01-10,130.73,63430000.0
266,2023-01-11,133.49,69120000.0
265,2023-01-12,133.41,71250000.0
264,2023-01-13,134.76,57810000.0
263,2023-01-17,135.94,63420000.0
262,2023-01-18,135.21,69670000.0
261,2023-01-19,135.27,58070000.0
260,2023-01-20,137.87,80220000.0
259,2023-01-23,141.11,81570000.0
258,2023-01-24,142.53,63710000.0
257,2023-01-25,141.86,64690000.0
256,2023-01-26,143.96,53650000.0
255,2023-01-27,145.93,70560000.0
254,2023-01-30,143.0,62980000.0
253,2023-01-31,144.29,65870000.00000001
252,2023-02-01,145.43,76770000.0
251,2023-02-02,150.82,104480000.0
250,2023-02-03,154.5,154360000.0
249,2023-02-06,151.73,68020000.0
248,2023-02-07,154.65,83030000.0
247,2023-02-08,151.92,63470000.0
246,2023-02-09,150.87,54900000.0
245,2023-02-10,151.01,57450000.0
244,2023-02-13,153.85,61860000.0
243,2023-02-14,153.2,61710000.0
242,2023-02-15,155.33,65470000.0
241,2023-02-16,153.71,66840000.0
240,2023-02-17,152.55,59140000.0
239,2023-02-21,148.48,58870000.0
238,2023-02-22,148.91,51010000.0
237,2023-02-23,149.4,48390000.0
236,2023-02-24,146.71,55470000.0
235,2023-02-27,147.92,45000000.0
234,2023-02-28,147.41,50550000.0
233,2023-03-01,145.31,55220000.0
232,2023-03-02,145.91,52090000.0
231,2023-03-03,151.03,70500000.0
230,2023-03-06,153.83,87560000.0
229,2023-03-07,151.6,56180000.0
228,2023-03-08,152.87,47200000.0
227,2023-03-09,150.59,53450000.0
226,2023-03-10,148.5,68570000.0
225,2023-03-13,150.47,84460000.0
224,2023-03-14,152.59,73370000.0
223,2023-03-15,152.99,75960000.0
222,2023-03-16,155.85,76020000.0
221,2023-03-17,155.0,98940000.0
220,2023-03-20,157.4,73470000.0
219,2023-03-21,159.28,73760000.0
218,2023-03-22,157.83,69170000.0
217,2023-03-23,158.93,67220000.0
216,2023-03-24,160.25,59260000.0
215,2023-03-27,158.28,50420000.0
214,2023-03-28,157.65,45580000.0
213,2023-03-29,160.77,51310000.0
212,2023-03-30,162.36,46810000.0
211,2023-03-31,164.9,68750000.0
210,2023-04-03,166.17,54970000.0
209,2023-04-04,165.63,44430000.0
208,2023-04-05,163.76,51300000.0
207,2023-04-06,164.66,45390000.0
206,2023-04-10,162.03,47030000.0
205,2023-04-11,160.8,46310000.0
204,2023-04-12,160.1,49400000.0
203,2023-04-13,165.56,67160000.0
202,2023-04-14,165.21,49390000.0
201,2023-04-17,165.23,41520000.0
200,2023-04-18,166.47,48410000.0
199,2023-04-19,167.63,47240000.0
198,2023-04-20,166.65,52460000.0
197,2023-04-21,165.02,58340000.0
196,2023-04-24,165.33,38990000.0
195,2023-04-25,163.77,48170000.0
194,2023-04-26,163.76,44110000.0
193,2023-04-27,168.41,64220000.0
192,2023-04-28,169.68,55280000.0
191,2023-05-01,169.59,49390000.0
190,2023-05-02,168.54,48430000.0
189,2023-05-03,167.45,59440000.0
188,2023-05-04,165.79,70380000.0
187,2023-05-05,173.57,113450000.0
186,2023-05-08,173.5,55960000.0
185,2023-05-09,171.77,45330000.0
184,2023-05-10,173.55,53720000.0
183,2023-05-11,173.75,49510000.0
182,2023-05-12,172.57,45530000.0
181,2023-05-15,172.07,37180000.0
180,2023-05-16,172.07,42110000.0
179,2023-05-17,172.69,57950000.0
178,2023-05-18,175.05,65090000.0
177,2023-05-19,175.16,52680000.0
176,2023-05-22,174.2,43310000.0
175,2023-05-23,171.56,49180000.0
174,2023-05-24,171.84,43490000.0
173,2023-05-25,172.99,55920000.0
172,2023-05-26,175.43,54830000.0
171,2023-05-30,177.3,55770000.0
170,2023-05-31,177.25,99310000.0
169,2023-06-01,180.09,65300000.0
168,2023-06-02,180.95,62000000.0
167,2023-06-05,179.58,121320000.0
166,2023-06-06,179.21,64340000.0
165,2023-06-07,177.82,61940000.0
164,2023-06-08,180.57,50210000.0
163,2023-06-09,180.96,48900000.0
162,2023-06-12,183.79,53570000.0
161,2023-06-13,183.31,54650000.0
160,2023-06-14,183.95,56520000.0
159,2023-06-15,186.01,65280000.0
158,2023-06-16,184.92,101260000.0
157,2023-06-20,185.01,48960000.0
156,2023-06-21,183.96,49360000.0
155,2023-06-22,187.0,50840000.0
154,2023-06-23,186.68,53120000.0
153,2023-06-26,185.27,47500000.0
152,2023-06-27,188.06,49730000.0
151,2023-06-28,189.25,50900000.0
150,2023-06-29,189.59,45450000.0
149,2023-06-30,193.97,85210000.0
148,2023-07-03,192.46,31460000.0
147,2023-07-05,191.33,46590000.0
146,2023-07-06,191.81,45000000.0
145,2023-07-07,190.68,46820000.0
144,2023-07-10,188.61,59100000.0
143,2023-07-11,188.08,46420000.0
142,2023-07-12,189.77,59770000.0
141,2023-07-13,190.54,41340000.0
140,2023-07-14,190.69,41620000.0
139,2023-07-17,193.99,49840000.0
138,2023-07-18,193.73,48200000.0
137,2023-07-19,195.1,80510000.0
136,2023-07-20,193.13,59580000.0
135,2023-07-21,191.94,71950000.0
134,2023-07-24,192.75,44860000.0
133,2023-07-25,193.62,37280000.0
132,2023-07-26,194.5,47470000.0
131,2023-07-27,193.22,47460000.0
130,2023-07-28,195.83,48290000.0
129,2023-07-31,196.45,38590000.0
128,2023-08-01,195.6,34730000.0
127,2023-08-02,192.58,48900000.0
126,2023-08-03,191.17,52600000.0
125,2023-08-04,181.99,115960000.0
124,2023-08-07,178.85,97580000.0
123,2023-08-08,179.8,67600000.0
122,2023-08-09,178.19,57800000.0
121,2023-08-10,177.97,52600000.0
120,2023-08-11,177.79,52040000.0
119,2023-08-14,179.46,43680000.0
118,2023-08-15,177.45,43370000.0
117,2023-08-16,176.57,45600000.0
116,2023-08-17,174.0,61250000.0
115,2023-08-18,174.49,61170000.0
114,2023-08-21,175.84,44990000.0
113,2023-08-22,177.23,41380000.0
112,2023-08-23,181.12,51470000.0
111,2023-08-24,176.38,53220000.0
110,2023-08-25,178.61,51450000.0
109,2023-08-28,180.19,42710000.0
108,2023-08-29,184.12,52360000.0
107,2023-08-30,187.65,60590000.0
106,2023-08-31,187.87,60210000.0
105,2023-09-01,189.46,45770000.0
104,2023-09-05,189.7,44730000.0
103,2023-09-06,182.91,81160000.0
102,2023-09-07,177.56,111940000.0
101,2023-09-08,178.18,65599999.99999999
100,2023-09-11,179.36,58330000.0
99,2023-09-12,176.3,89920000.0
98,2023-09-13,174.21,83450000.0
97,2023-09-14,175.74,59630000.0
96,2023-09-15,175.01,109260000.0
95,2023-09-18,177.97,65110000.0
94,2023-09-19,179.07,50490000.0
93,2023-09-20,175.49,55690000.0
92,2023-09-21,173.93,61710000.0
91,2023-09-22,174.79,56730000.0
90,2023-09-25,176.08,45990000.0
89,2023-09-26,171.96,64230000.00000001
88,2023-09-27,170.43,66500000.0
87,2023-09-28,170.69,56140000.0
86,2023-09-29,171.21,51860000.0
85,2023-10-02,173.75,52160000.0
84,2023-10-03,172.4,49040000.0
83,2023-10-04,173.66,52740000.0
82,2023-10-05,174.91,48380000.0
81,2023-10-06,177.49,57270000.0
80,2023-10-09,178.99,42390000.0
79,2023-10-10,178.39,43650000.0
78,2023-10-11,179.8,47040000.0
77,2023-10-12,180.71,56550000.0
76,2023-10-13,178.85,51460000.0
75,2023-10-16,178.72,52170000.0
74,2023-10-17,177.15,57420000.0
73,2023-10-18,175.84,54490000.0
72,2023-10-19,175.46,57620000.0
71,2023-10-20,172.88,64239999.99999999
70,2023-10-23,173.0,55240000.0
69,2023-10-24,173.44,43580000.0
68,2023-10-25,171.1,56600000.0
67,2023-10-26,166.89,69450000.0
66,2023-10-27,168.22,58500000.0
65,2023-10-30,170.29,50470000.0
64,2023-10-31,170.77,43520000.0
63,2023-11-01,173.97,56930000.0
62,2023-11-02,177.57,67019999.99999999
61,2023-11-03,176.65,79830000.0
60,2023-11-06,179.23,63650000.0
59,2023-11-07,181.82,70210000.0
58,2023-11-08,182.89,49180000.0
57,2023-11-09,182.41,52450000.0
56,2023-11-10,186.4,66180000.00000001
55,2023-11-13,184.8,41970000.0
54,2023-11-14,187.44,59710000.0
53,2023-11-15,188.01,53230000.0
52,2023-11-16,189.71,53990000.0
51,2023-11-17,189.69,50940000.0
50,2023-11-20,191.45,46540000.0
49,2023-11-21,190.64,38130000.0
48,2023-11-22,191.31,39630000.0
47,2023-11-24,189.97,24040000.0
46,2023-11-27,189.79,40400000.0
45,2023-11-28,190.4,37790000.0
44,2023-11-29,189.37,37940000.0
43,2023-11-30,189.95,47990000.0
42,2023-12-01,191.24,45700000.0
41,2023-12-04,189.43,43070000.0
40,2023-12-05,193.42,65349999.99999999
39,2023-12-06,192.32,40900000.0
38,2023-12-07,194.27,47340000.0
37,2023-12-08,195.71,53410000.0
36,2023-12-11,193.18,60780000.0
35,2023-12-12,194.71,51290000.0
34,2023-12-13,197.96,67760000.0
33,2023-12-14,198.11,65959999.99999999
32,2023-12-15,197.57,128540000.0
31,2023-12-18,195.89,55750000.0
30,2023-12-19,196.94,40230000.0
29,2023-12-20,194.83,50130000.0
28,2023-12-21,194.68,44080000.0
27,2023-12-22,193.6,37150000.0
26,2023-12-26,193.05,28810000.0
25,2023-12-27,193.15,47900000.0
24,2023-12-28,193.58,33830000.0
23,2023-12-29,192.53,42670000.0
22,2024-01-02,185.64,79820000.0
21,2024-01-03,184.25,56440000.0
20,2024-01-04,181.91,70700000.0
19,2024-01-05,181.18,62380000.0
18,2024-01-08,185.56,59140000.0
17,2024-01-09,185.14,42840000.0
16,2024-01-10,186.19,45900000.0
15,2024-01-11,185.59,49130000.0
14,2024-01-12,185.92,40480000.0
13,2024-01-16,183.63,65440000.0
12,2024-01-17,182.68,47190000.0
11,2024-01-18,188.63,77400000.0
10,2024-01-19,191.56,68900000.0
9,2024-01-22,193.89,60130000.0
8,2024-01-23,195.18,42200000.0
7,2024-01-24,194.5,53460000.0
6,2024-01-25,194.17,54530000.0
5,2024-01-26,192.42,44590000.0
4,2024-01-29,191.73,46890000.0
3,2024-01-30,188.04,55270000.0
2,2024-01-31,184.4,54830000.0
1,2024-02-01,186.86,64490000.0
0,2024-02-02,185.85,102550000.0

,2024-02-05,187.68,69668800.0
,2024-02-06,189.30,43490800.0
,2024-02-07,189.41,53439000.0
,2024-02-08,188.32,40962000.0
,2024-02-09,188.85,45155200.0

,2024-02-12,187.15,41781900.0
,2024-02-13,185.04,56529500.0
,2024-02-14,184.15,54630500.0
,2024-02-15,183.86,65434500.0
,2024-02-16,182.31,49700400.0

,2024-02-20,181.56,53665600
,2024-02-21,182.32,41500700
,2024-02-22,184.37,52300200
,2024-02-23,182.52,45100700

,2024-02-26,181.16,40800400
,2024-02-27,182.63,54318900
,2024-02-28,181.42,48953900
,2024-02-29,180.75,136600600

,2024-03-01,179.66,73488000
,2024-03-04,175.10,81500100
,2024-03-05,170.12,95130400
,2024-03-06,169.12,68500700
,2024-03-01,169.00,71700100
,2024-03-08,170.73,76100600
,2024-03-11,172.75,60100500
,2024-03-12,173.23,59800400
,2024-03-13,171.13,52500700
,2024-03-14,173.00,72900500
,2024-03-15,172.62,121600700
,2024-03-18,173.72,75600200
,2024-03-19,176.08,55200200
,2024-03-20,178.67,53400100
,2024-03-21,171.37,106100300
,2024-03-22,172.28,71100600
,2024-03-25,170.85,54288300
,2024-03-26,169.71,57400400
,2024-03-27,173.31,60200300
,2024-03-28,171.48,65600700
,2024-04-01,170.03,46240500
,2024-04-02,168.84,49329500
,2024-04-03,169.65,47691700
,2024-04-04,168.82,53700400
,2024-04-05,169.58,42000200
,2024-04-08,168.45,37400500
,2024-04-09,169.67,42450200
,2024-04-10,167.78,49700300
,2024-04-11,175.04,91000300
,2024-04-12,176.55,101500300
,2024-04-15,172.69,73500800
,2024-04-16,169.38,73700200
,2024-04-17,168.00,
,2024-04-18,167.04,
,2024-04-19,165.00,
,2024-04-22,165.84,
,2024-04-23,166.90,
,2024-04-24,169.02,
,2024-04-25,169.89,
,2024-04-26,169.30,
,2024-04-29,173.50,
,2024-04-30,170.33,
,2024-05-01,169.30,
,2024-05-02,173.03,
,2024-05-03,183.38,
,2024-05-06,181.71,
,2024-05-07,182.40,
,2024-05-08,182.74,
,2024-05-09,184.57,
,2024-05-10,183.05,
,2024-05-13,186.28,
,2024-05-14,187.43,
,2024-05-15,189.72,
,2024-05-16,189.84,
,2024-05-17,189.87,
,2024-05-20,191.04,
,2024-05-21,192.35,
,2024-05-22,190.90,
,2024-05-23,186.88,
,2024-05-24,189.98,
,2024-05-28,189.99,
,2024-05-29,190.29,
,2024-05-30,191.29,
,2024-05-31,192.25,
,2024-06-03,194.03,
,2024-06-04,194.35,
,2024-06-05,195.87,
,2024-06-06,194.48,
,2024-06-07,196.89,
,2024-06-10,193.12,
,2024-06-11,207.15,
,2024-06-12,213.07,
,2024-06-13,214.24,
,2024-06-14,212.49,
,2024-06-17,216.67,
,2024-06-18,214.29,
,2024-06-20,209.68,
,2024-06-21,207.49,
,2024-06-24,208.14,
,2024-06-25,209.07,
,2024-06-26,213.25,
,2024-06-27,214.10,
,2024-06-28,210.62,
,2024-07-01,216.75,
,2024-07-02,220.27,
,2024-07-03,221.55,
,2024-07-05,226.34,
,2024-07-08,227.82,
,2024-07-09,228.68,
,2024-07-10,232.98,
,2024-07-11,227.57,
,2024-07-12,230.54,
,2024-07-15,234.40,
,2024-07-16,234.82,
,2024-07-17,228.88,
,2024-07-18,224.18,
,2024-07-19,224.31,
,2024-07-22,223.96,
,2024-07-23,225.01,
,2024-07-24,218.54,
,2024-07-25,217.49,
,2024-07-26,217.96,
,2024-07-29,218.24,
,2024-07-30,218.80,
,2024-07-31,222.08,
,2024-08-01,218.36,
,2024-08-02,219.86,
,2024-08-05,209.27,
,2024-08-06,207.23,
,2024-08-07,209.82,
,2024-08-08,213.31,
,2024-08-09,216.24,
,2024-08-12,217.53,
,2024-08-13,221.27,
,2024-08-14,221.72,
,2024-08-15,224.72,
,2024-08-16,226.05,
,2024-08-19,225.89,
,2024-08-20,226.51,
,2024-08-21,226.40,
,2024-08-22,224.53,
,2024-08-23,226.84,
,2024-08-26,227.18,
,2024-08-27,228.03,
,2024-08-28,226.49,
,2024-08-29,229.79,
,2024-08-30,229.00,
,2024-09-03,222.77,
,2024-09-04,220.85,
,2024-09-05,222.38,
,2024-09-06,220.82,
,2024-09-09,220.91,
,2024-09-10,220.11,
,2024-09-11,222.66,
,2024-09-12,222.77,
,2024-09-13,222.50,
,2024-09-16,216.32,
,2024-09-17,216.79,
,2024-09-18,220.69,
,2024-09-19,228.87,
,2024-09-20,228.20,
,2024-09-23,226.47,
,2024-09-24,227.37,
,2024-09-25,226.37,
,2024-09-26,227.52,
,2024-09-27,227.79,
,2024-09-30,233.00,
,2024-10-01,226.21,
,2024-10-02,226.78,
,2024-10-03,225.67,
,2024-10-04,226.80,
,2024-10-07,221.69,
,2024-10-08,225.77,
,2024-10-09,229.54,
,2024-10-10,229.04,
,2024-10-11,227.55,
,2024-10-14,231.30,
,2024-10-15,233.85,
,2024-10-16,231.78,
,2024-10-17,232.15,
,2024-10-18,235.00,
,2024-10-21,236.48,
,2024-10-22,235.86,
,2024-10-23,230.76,
,2024-10-24,230.57,
,2024-10-25,231.41,
,2024-10-28,233.40,
,2024-10-29,233.67,
,2024-10-30,230.10,
,2024-10-31,225.91,
,2024-11-01,222.91,
,2024-11-04,222.01,
